mc	mn	quarterbeats	quarterbeats_all_endings	duration_qb	mc_onset	mn_onset	event	timesig	staff	voice	duration	nominal_duration	scalar	chord_id
1	1	0	0	2.0	0	0	Chord	4/4	1	1	1/2	1/2	1	0
1	1	2	2	2.0	1/2	1/2	Chord	4/4	1	1	1/2	1/2	1	1
1	1	0	0	2.0	0	0	Chord	4/4	2	1	1/2	1/2	1	2
1	1	2	2	2.0	1/2	1/2	Chord	4/4	2	1	1/2	1/2	1	3
1	1	0	0	2.0	0	0	Chord	4/4	3	1	1/2	1/2	1	4
1	1	2	2	2.0	1/2	1/2	Chord	4/4	3	1	1/2	1/2	1	5
1	1	0	0	2.0	0	0	Chord	4/4	4	1	1/2	1/2	1	6
1	1	2	2	2.0	1/2	1/2	Chord	4/4	4	1	1/2	1/2	1	7
2	2	4	4	2.0	0	0	Chord	4/4	1	1	1/2	1/2	1	8
2	2	6	6	1.0	1/2	1/2	Chord	4/4	1	1	1/4	1/4	1	9
2	2	7	7	1.0	3/4	3/4	Chord	4/4	1	1	1/4	1/4	1	10
2	2	4	4	2.0	0	0	Chord	4/4	2	1	1/2	1/2	1	11
2	2	6	6	1.0	1/2	1/2	Chord	4/4	2	1	1/4	1/4	1	12
2	2	7	7	1.0	3/4	3/4	Chord	4/4	2	1	1/4	1/4	1	13
2	2	4	4	2.0	0	0	Chord	4/4	3	1	1/2	1/2	1	14
2	2	6	6	1.0	1/2	1/2	Chord	4/4	3	1	1/4	1/4	1	15
2	2	7	7	1.0	3/4	3/4	Chord	4/4	3	1	1/4	1/4	1	16
2	2	4	4	2.0	0	0	Chord	4/4	4	1	1/2	1/2	1	17
2	2	6	6	1.0	1/2	1/2	Chord	4/4	4	1	1/4	1/4	1	18
2	2	7	7	1.0	3/4	3/4	Chord	4/4	4	1	1/4	1/4	1	19
3	3	8	8	1.0	0	0	Chord	4/4	1	1	1/4	1/4	1	20
3	3	9	9	1.0	1/4	1/4	Chord	4/4	1	1	1/4	1/4	1	21
3	3	10	10	1.0	1/2	1/2	Chord	4/4	1	1	1/4	1/4	1	22
3	3	11	11	1.0	3/4	3/4	Chord	4/4	1	1	1/4	1/4	1	23
3	3	8	8	1.0	0	0	Chord	4/4	2	1	1/4	1/4	1	24
3	3	9	9	1.0	1/4	1/4	Chord	4/4	2	1	1/4	1/4	1	25
3	3	10	10	1.0	1/2	1/2	Chord	4/4	2	1	1/4	1/4	1	26
3	3	11	11	1.0	3/4	3/4	Chord	4/4	2	1	1/4	1/4	1	27
3	3	8	8	1.0	0	0	Chord	4/4	3	1	1/4	1/4	1	28
3	3	9	9	1.0	1/4	1/4	Chord	4/4	3	1	1/4	1/4	1	29
3	3	10	10	1.0	1/2	1/2	Chord	4/4	3	1	1/4	1/4	1	30
3	3	11	11	1.0	3/4	3/4	Chord	4/4	3	1	1/4	1/4	1	31
3	3	8	8	1.0	0	0	Chord	4/4	4	1	1/4	1/4	1	32
3	3	9	9	1.0	1/4	1/4	Chord	4/4	4	1	1/4	1/4	1	33
3	3	10	10	1.0	1/2	1/2	Chord	4/4	4	1	1/4	1/4	1	34
3	3	11	11	1.0	3/4	3/4	Chord	4/4	4	1	1/4	1/4	1	35
4	4	12	12	2.0	0	0	Chord	4/4	1	1	1/2	1/2	1	36
4	4	14	14	2.0	1/2	1/2	Chord	4/4	1	1	1/2	1/2	1	37
4	4	12	12	1.0	0	0	Chord	4/4	2	1	1/4	1/4	1	38
4	4	13	13	1.0	1/4	1/4	Chord	4/4	2	1	1/4	1/4	1	39
4	4	14	14	2.0	1/2	1/2	Chord	4/4	2	1	1/2	1/2	1	40
4	4	12	12	2.0	0	0	Chord	4/4	3	1	1/2	1/2	1	41
4	4	14	14	2.0	1/2	1/2	Chord	4/4	3	1	1/2	1/2	1	42
4	4	12	12	2.0	0	0	Chord	4/4	4	1	1/2	1/2	1	43
4	4	14	14	2.0	1/2	1/2	Chord	4/4	4	1	1/2	1/2	1	44
5	5	18	18	2.0	1/2	1/2	Chord	4/4	1	1	1/2	1/2	1	45
5	5	18	18	2.0	1/2	1/2	Chord	4/4	2	1	1/2	1/2	1	46
5	5	18	18	2.0	1/2	1/2	Chord	4/4	3	1	1/2	1/2	1	47
5	5	18	18	2.0	1/2	1/2	Chord	4/4	4	1	1/2	1/2	1	48
6	6	20	20	1.0	0	0	Chord	4/4	1	1	1/4	1/4	1	49
6	6	21	21	1.0	1/4	1/4	Chord	4/4	1	1	1/4	1/4	1	50
6	6	22	22	1.0	1/2	1/2	Chord	4/4	1	1	1/4	1/4	1	51
6	6	23	23	1.0	3/4	3/4	Chord	4/4	1	1	1/4	1/4	1	52
6	6	20	20	1.0	0	0	Chord	4/4	2	1	1/4	1/4	1	53
6	6	21	21	1.0	1/4	1/4	Chord	4/4	2	1	1/4	1/4	1	54
6	6	22	22	1.0	1/2	1/2	Chord	4/4	2	1	1/4	1/4	1	55
6	6	23	23	1.0	3/4	3/4	Chord	4/4	2	1	1/4	1/4	1	56
6	6	20	20	1.0	0	0	Chord	4/4	3	1	1/4	1/4	1	57
6	6	21	21	1.0	1/4	1/4	Chord	4/4	3	1	1/4	1/4	1	58
6	6	22	22	1.0	1/2	1/2	Chord	4/4	3	1	1/4	1/4	1	59
6	6	23	23	1.0	3/4	3/4	Chord	4/4	3	1	1/4	1/4	1	60
6	6	20	20	1.0	0	0	Chord	4/4	4	1	1/4	1/4	1	61
6	6	21	21	1.0	1/4	1/4	Chord	4/4	4	1	1/4	1/4	1	62
6	6	22	22	1.0	1/2	1/2	Chord	4/4	4	1	1/4	1/4	1	63
6	6	23	23	1.0	3/4	3/4	Chord	4/4	4	1	1/4	1/4	1	64
7	7	24	24	1.0	0	0	Chord	4/4	1	1	1/4	1/4	1	65
7	7	25	25	1.0	1/4	1/4	Chord	4/4	1	1	1/4	1/4	1	66
7	7	26	26	1.0	1/2	1/2	Chord	4/4	1	1	1/4	1/4	1	67
7	7	27	27	1.0	3/4	3/4	Chord	4/4	1	1	1/4	1/4	1	68
7	7	24	24	1.0	0	0	Chord	4/4	2	1	1/4	1/4	1	69
7	7	25	25	1.0	1/4	1/4	Chord	4/4	2	1	1/4	1/4	1	70
7	7	26	26	1.0	1/2	1/2	Chord	4/4	2	1	1/4	1/4	1	71
7	7	27	27	1.0	3/4	3/4	Chord	4/4	2	1	1/4	1/4	1	72
7	7	24	24	1.0	0	0	Chord	4/4	3	1	1/4	1/4	1	73
7	7	25	25	1.0	1/4	1/4	Chord	4/4	3	1	1/4	1/4	1	74
7	7	26	26	1.0	1/2	1/2	Chord	4/4	3	1	1/4	1/4	1	75
7	7	27	27	1.0	3/4	3/4	Chord	4/4	3	1	1/4	1/4	1	76
7	7	24	24	1.0	0	0	Chord	4/4	4	1	1/4	1/4	1	77
7	7	25	25	1.0	1/4	1/4	Chord	4/4	4	1	1/4	1/4	1	78
7	7	26	26	1.0	1/2	1/2	Chord	4/4	4	1	1/4	1/4	1	79
7	7	27	27	1.0	3/4	3/4	Chord	4/4	4	1	1/4	1/4	1	80
8	8	28	28	2.0	0	0	Chord	4/4	1	1	1/2	1/2	1	81
8	8	30	30	2.0	1/2	1/2	Chord	4/4	1	1	1/2	1/2	1	82
8	8	28	28	2.0	0	0	Chord	4/4	2	1	1/2	1/2	1	83
8	8	30	30	2.0	1/2	1/2	Chord	4/4	2	1	1/2	1/2	1	84
8	8	28	28	2.0	0	0	Chord	4/4	3	1	1/2	1/2	1	85
8	8	30	30	2.0	1/2	1/2	Chord	4/4	3	1	1/2	1/2	1	86
8	8	28	28	2.0	0	0	Chord	4/4	4	1	1/2	1/2	1	87
8	8	30	30	2.0	1/2	1/2	Chord	4/4	4	1	1/2	1/2	1	88
9	9	34	34	2.0	1/2	1/2	Chord	4/4	1	1	1/2	1/2	1	89
9	9	34	34	2.0	1/2	1/2	Chord	4/4	2	1	1/2	1/2	1	90
9	9	34	34	2.0	1/2	1/2	Chord	4/4	3	1	1/2	1/2	1	91
9	9	34	34	2.0	1/2	1/2	Chord	4/4	4	1	1/2	1/2	1	92
10	10	36	36	1.0	0	0	Chord	4/4	1	1	1/4	1/4	1	93
10	10	37	37	1.0	1/4	1/4	Chord	4/4	1	1	1/4	1/4	1	94
10	10	38	38	2.0	1/2	1/2	Chord	4/4	1	1	1/2	1/2	1	95
10	10	36	36	1.0	0	0	Chord	4/4	2	1	1/4	1/4	1	96
10	10	37	37	1.0	1/4	1/4	Chord	4/4	2	1	1/4	1/4	1	97
10	10	38	38	2.0	1/2	1/2	Chord	4/4	2	1	1/2	1/2	1	98
10	10	36	36	1.0	0	0	Chord	4/4	3	1	1/4	1/4	1	99
10	10	37	37	1.0	1/4	1/4	Chord	4/4	3	1	1/4	1/4	1	100
10	10	38	38	2.0	1/2	1/2	Chord	4/4	3	1	1/2	1/2	1	101
10	10	36	36	1.0	0	0	Chord	4/4	4	1	1/4	1/4	1	102
10	10	37	37	1.0	1/4	1/4	Chord	4/4	4	1	1/4	1/4	1	103
10	10	38	38	2.0	1/2	1/2	Chord	4/4	4	1	1/2	1/2	1	104
11	11	40	40	2.0	0	0	Chord	4/4	1	1	1/2	1/2	1	105
11	11	42	42	1.0	1/2	1/2	Chord	4/4	1	1	1/4	1/4	1	106
11	11	43	43	1.0	3/4	3/4	Chord	4/4	1	1	1/4	1/4	1	107
11	11	40	40	2.0	0	0	Chord	4/4	2	1	1/2	1/2	1	108
11	11	42	42	1.0	1/2	1/2	Chord	4/4	2	1	1/4	1/4	1	109
11	11	43	43	1.0	3/4	3/4	Chord	4/4	2	1	1/4	1/4	1	110
11	11	40	40	2.0	0	0	Chord	4/4	3	1	1/2	1/2	1	111
11	11	42	42	1.0	1/2	1/2	Chord	4/4	3	1	1/4	1/4	1	112
11	11	43	43	1.0	3/4	3/4	Chord	4/4	3	1	1/4	1/4	1	113
11	11	40	40	2.0	0	0	Chord	4/4	4	1	1/2	1/2	1	114
11	11	42	42	1.0	1/2	1/2	Chord	4/4	4	1	1/4	1/4	1	115
11	11	43	43	1.0	3/4	3/4	Chord	4/4	4	1	1/4	1/4	1	116
12	12	44	44	1.0	0	0	Chord	4/4	1	1	1/4	1/4	1	117
12	12	45	45	1.0	1/4	1/4	Chord	4/4	1	1	1/4	1/4	1	118
12	12	46	46	2.0	1/2	1/2	Chord	4/4	1	1	1/2	1/2	1	119
12	12	44	44	1.0	0	0	Chord	4/4	2	1	1/4	1/4	1	120
12	12	45	45	1.0	1/4	1/4	Chord	4/4	2	1	1/4	1/4	1	121
12	12	46	46	2.0	1/2	1/2	Chord	4/4	2	1	1/2	1/2	1	122
12	12	44	44	1.0	0	0	Chord	4/4	3	1	1/4	1/4	1	123
12	12	45	45	1.0	1/4	1/4	Chord	4/4	3	1	1/4	1/4	1	124
12	12	46	46	2.0	1/2	1/2	Chord	4/4	3	1	1/2	1/2	1	125
12	12	44	44	1.0	0	0	Chord	4/4	4	1	1/4	1/4	1	126
12	12	45	45	1.0	1/4	1/4	Chord	4/4	4	1	1/4	1/4	1	127
12	12	46	46	2.0	1/2	1/2	Chord	4/4	4	1	1/2	1/2	1	128
13	13	50	50	2.0	1/2	1/2	Chord	4/4	1	1	1/2	1/2	1	129
13	13	50	50	2.0	1/2	1/2	Chord	4/4	2	1	1/2	1/2	1	130
13	13	50	50	2.0	1/2	1/2	Chord	4/4	3	1	1/2	1/2	1	131
13	13	50	50	2.0	1/2	1/2	Chord	4/4	4	1	1/2	1/2	1	132
14	14	52	52	2.0	0	0	Chord	4/4	1	1	1/2	1/2	1	133
14	14	54	54	2.0	1/2	1/2	Chord	4/4	1	1	1/2	1/2	1	134
14	14	52	52	2.0	0	0	Chord	4/4	2	1	1/2	1/2	1	135
14	14	54	54	2.0	1/2	1/2	Chord	4/4	2	1	1/2	1/2	1	136
14	14	52	52	2.0	0	0	Chord	4/4	3	1	1/2	1/2	1	137
14	14	54	54	2.0	1/2	1/2	Chord	4/4	3	1	1/2	1/2	1	138
14	14	52	52	2.0	0	0	Chord	4/4	4	1	1/2	1/2	1	139
14	14	54	54	2.0	1/2	1/2	Chord	4/4	4	1	1/2	1/2	1	140
15	15	56	56	4.0	0	0	Chord	4/4	1	1	1	1	1	141
15	15	56	56	4.0	0	0	Chord	4/4	2	1	1	1	1	142
15	15	56	56	4.0	0	0	Chord	4/4	3	1	1	1	1	143
15	15	56	56	4.0	0	0	Chord	4/4	4	1	1	1	1	144
